0,0-9,0-19,*
1,0-9,0-19,*
2,0-9,0-19,*
3,0-9,0-19,*
4,0-9,0-19,*
5,0-9,0-19,*
6,0-9,0-19,*
7,0-9,0-19,*
8,0-9,0-19,*
9,0-9,0-19,*
10,10-19,0-19,*
11,10-19,0-19,*
12,10-19,0-19,*
13,10-19,0-19,*
14,10-19,0-19,*
15,10-19,0-19,*
16,10-19,0-19,*
17,10-19,0-19,*
18,10-19,0-19,*
19,10-19,0-19,*
20,20-29,20-39,*
21,20-29,20-39,*
22,20-29,20-39,*
23,20-29,20-39,*
24,20-29,20-39,*
25,20-29,20-39,*
26,20-29,20-39,*
27,20-29,20-39,*
28,20-29,20-39,*
29,20-29,20-39,*
30,30-39,20-39,*
31,30-39,20-39,*
32,30-39,20-39,*
33,30-39,20-39,*
34,30-39,20-39,*
35,30-39,20-39,*
36,30-39,20-39,*
37,30-39,20-39,*
38,30-39,20-39,*
39,30-39,20-39,*
40,40-49,40-59,*
41,40-49,40-59,*
42,40-49,40-59,*
43,40-49,40-59,*
44,40-49,40-59,*
45,40-49,40-59,*
46,40-49,40-59,*
47,40-49,40-59,*
48,40-49,40-59,*
49,40-49,40-59,*
50,50-59,40-59,*
51,50-59,40-59,*
52,50-59,40-59,*
53,50-59,40-59,*
54,50-59,40-59,*
55,50-59,40-59,*
56,50-59,40-59,*
57,50-59,40-59,*
58,50-59,40-59,*
59,50-59,40-59,*
60,60-69,60-79,*
61,60-69,60-79,*
62,60-69,60-79,*
63,60-69,60-79,*
64,60-69,60-79,*
65,60-69,60-79,*
66,60-69,60-79,*
67,60-69,60-79,*
68,60-69,60-79,*
69,60-69,60-79,*
70,70-79,60-79,*
71,70-79,60-79,*
72,70-79,60-79,*
73,70-79,60-79,*
74,70-79,60-79,*
75,70-79,60-79,*
76,70-79,60-79,*
77,70-79,60-79,*
78,70-79,60-79,*
79,70-79,60-79,*
80,80-89,80-99,*
81,80-89,80-99,*
82,80-89,80-99,*
83,80-89,80-99,*
84,80-89,80-99,*
85,80-89,80-99,*
86,80-89,80-99,*
87,80-89,80-99,*
88,80-89,80-99,*
89,80-89,80-99,*
90,90-99,80-99,*
91,90-99,80-99,*
92,90-99,80-99,*
93,90-99,80-99,*
94,90-99,80-99,*
95,90-99,80-99,*
96,90-99,80-99,*
97,90-99,80-99,*
98,90-99,80-99,*
99,90-99,80-99,*
